Id,Name,PhotoUrl
702923190,Ricardo Garza,https://randomuser.me/api/portraits/men/5.jpg
435366488,Chris Fields,https://randomuser.me/api/portraits/men/30.jpg
443257189,Harold Montgomery,https://randomuser.me/api/portraits/men/9.jpg
893669835,Louise Morrison,https://randomuser.me/api/portraits/women/65.jpg
590150462,Lesa Howell,https://randomuser.me/api/portraits/women/21.jpg
893661308,Gordon Jacobs,https://randomuser.me/api/portraits/men/56.jpg
674640180,Kelly Cunningham,https://randomuser.me/api/portraits/men/46.jpg
468149829,Chloe Davis,https://randomuser.me/api/portraits/women/5.jpg
997265119,Stephanie Watson,https://randomuser.me/api/portraits/women/75.jpg
666203242,Patsy Ray,https://randomuser.me/api/portraits/women/17.jpg
